DataType,ArraySize,Algorithm,TrialNumber,TimeMS
RANDOM,100,InsertionSort,1,0.085253
RANDOM,100,InsertionSort,2,0.086450
RANDOM,100,InsertionSort,3,0.087845
RANDOM,100,InsertionSort,4,0.089241
RANDOM,100,InsertionSort,5,0.087247
RANDOM,100,LastQuickSort,1,0.210988
RANDOM,100,LastQuickSort,2,0.168113
RANDOM,100,LastQuickSort,3,0.058031
RANDOM,100,LastQuickSort,4,0.156546
RANDOM,100,LastQuickSort,5,0.035896
RANDOM,200,InsertionSort,1,0.303221
RANDOM,200,InsertionSort,2,0.286868
RANDOM,200,InsertionSort,3,0.291056
RANDOM,200,InsertionSort,4,0.290259
RANDOM,200,InsertionSort,5,0.342706
RANDOM,200,LastQuickSort,1,0.044471
RANDOM,200,LastQuickSort,2,0.015655
RANDOM,200,LastQuickSort,3,0.013361
RANDOM,200,LastQuickSort,4,0.013162
RANDOM,200,LastQuickSort,5,0.016951
RANDOM,300,InsertionSort,1,0.193937
RANDOM,300,InsertionSort,2,0.096420
RANDOM,300,InsertionSort,3,0.099910
RANDOM,300,InsertionSort,4,0.074982
RANDOM,300,InsertionSort,5,0.074883
RANDOM,300,LastQuickSort,1,0.043773
RANDOM,300,LastQuickSort,2,0.027819
RANDOM,300,LastQuickSort,3,0.234620
RANDOM,300,LastQuickSort,4,0.024928
RANDOM,300,LastQuickSort,5,0.029415
RANDOM,400,InsertionSort,1,0.188154
RANDOM,400,InsertionSort,2,0.114768
RANDOM,400,InsertionSort,3,0.098714
RANDOM,400,InsertionSort,4,0.135507
RANDOM,400,InsertionSort,5,0.158640
RANDOM,400,LastQuickSort,1,0.044670
RANDOM,400,LastQuickSort,2,0.020441
RANDOM,400,LastQuickSort,3,0.019543
RANDOM,400,LastQuickSort,4,0.017250
RANDOM,400,LastQuickSort,5,0.020640
RANDOM,500,InsertionSort,1,0.340712
RANDOM,500,InsertionSort,2,0.155948
RANDOM,500,InsertionSort,3,0.183268
RANDOM,500,InsertionSort,4,0.157244
RANDOM,500,InsertionSort,5,0.153655
RANDOM,500,LastQuickSort,1,0.043673
RANDOM,500,LastQuickSort,2,0.031309
RANDOM,500,LastQuickSort,3,0.030213
RANDOM,500,LastQuickSort,4,0.023133
RANDOM,500,LastQuickSort,5,0.018446
RANDOM,600,InsertionSort,1,0.146875
RANDOM,600,InsertionSort,2,0.133314
RANDOM,600,InsertionSort,3,0.132815
RANDOM,600,InsertionSort,4,0.138798
RANDOM,600,InsertionSort,5,0.161033
RANDOM,600,LastQuickSort,1,0.064214
RANDOM,600,LastQuickSort,2,0.027121
RANDOM,600,LastQuickSort,3,0.018645
RANDOM,600,LastQuickSort,4,0.024629
RANDOM,600,LastQuickSort,5,0.016651
RANDOM,700,InsertionSort,1,0.095125
RANDOM,700,InsertionSort,2,0.099212
RANDOM,700,InsertionSort,3,0.133513
RANDOM,700,InsertionSort,4,0.107986
RANDOM,700,InsertionSort,5,0.058331
RANDOM,700,LastQuickSort,1,0.082062
RANDOM,700,LastQuickSort,2,0.051750
RANDOM,700,LastQuickSort,3,0.036893
RANDOM,700,LastQuickSort,4,0.027620
RANDOM,700,LastQuickSort,5,0.026822
RANDOM,800,InsertionSort,1,0.125137
RANDOM,800,InsertionSort,2,0.120451
RANDOM,800,InsertionSort,3,0.118257
RANDOM,800,InsertionSort,4,0.230432
RANDOM,800,InsertionSort,5,0.118057
RANDOM,800,LastQuickSort,1,0.074983
RANDOM,800,LastQuickSort,2,0.057732
RANDOM,800,LastQuickSort,3,0.049457
RANDOM,800,LastQuickSort,4,0.050354
RANDOM,800,LastQuickSort,5,0.042875
RANDOM,900,InsertionSort,1,0.102204
RANDOM,900,InsertionSort,2,0.309403
RANDOM,900,InsertionSort,3,0.099312
RANDOM,900,InsertionSort,4,0.171403
RANDOM,900,InsertionSort,5,0.126832
RANDOM,900,LastQuickSort,1,0.061422
RANDOM,900,LastQuickSort,2,0.047562
RANDOM,900,LastQuickSort,3,0.040183
RANDOM,900,LastQuickSort,4,0.035696
RANDOM,900,LastQuickSort,5,0.032307
RANDOM,1000,InsertionSort,1,0.122046
RANDOM,1000,InsertionSort,2,0.119454
RANDOM,1000,InsertionSort,3,0.209492
RANDOM,1000,InsertionSort,4,0.210091
RANDOM,1000,InsertionSort,5,0.205803
RANDOM,1000,LastQuickSort,1,0.079669
RANDOM,1000,LastQuickSort,2,0.062419
RANDOM,1000,LastQuickSort,3,0.057533
RANDOM,1000,LastQuickSort,4,0.086450
RANDOM,1000,LastQuickSort,5,0.050454
RANDOM,1100,InsertionSort,1,0.172101
RANDOM,1100,InsertionSort,2,0.149765
RANDOM,1100,InsertionSort,3,0.191744
RANDOM,1100,InsertionSort,4,0.145478
RANDOM,1100,InsertionSort,5,0.144680
RANDOM,1100,LastQuickSort,1,0.067604
RANDOM,1100,LastQuickSort,2,0.064613
RANDOM,1100,LastQuickSort,3,0.061721
RANDOM,1100,LastQuickSort,4,0.056536
RANDOM,1100,LastQuickSort,5,0.053744
RANDOM,1200,InsertionSort,1,0.178482
RANDOM,1200,InsertionSort,2,0.196530
RANDOM,1200,InsertionSort,3,0.222854
RANDOM,1200,InsertionSort,4,0.273606
RANDOM,1200,InsertionSort,5,0.268223
RANDOM,1200,LastQuickSort,1,0.076777
RANDOM,1200,LastQuickSort,2,0.070096
RANDOM,1200,LastQuickSort,3,0.173099
RANDOM,1200,LastQuickSort,4,0.102902
RANDOM,1200,LastQuickSort,5,0.090936
RANDOM,1300,InsertionSort,1,0.304118
RANDOM,1300,InsertionSort,2,0.298734
RANDOM,1300,InsertionSort,3,0.297438
RANDOM,1300,InsertionSort,4,0.296939
RANDOM,1300,InsertionSort,5,0.295643
RANDOM,1300,LastQuickSort,1,0.141091
RANDOM,1300,LastQuickSort,2,0.114269
RANDOM,1300,LastQuickSort,3,0.108585
RANDOM,1300,LastQuickSort,4,0.107288
RANDOM,1300,LastQuickSort,5,0.145379
RANDOM,1400,InsertionSort,1,0.355868
RANDOM,1400,InsertionSort,2,0.353076
RANDOM,1400,InsertionSort,3,0.349786
RANDOM,1400,InsertionSort,4,0.416592
RANDOM,1400,InsertionSort,5,0.347891
RANDOM,1400,LastQuickSort,1,0.136603
RANDOM,1400,LastQuickSort,2,0.121547
RANDOM,1400,LastQuickSort,3,0.115465
RANDOM,1400,LastQuickSort,4,0.106591
RANDOM,1400,LastQuickSort,5,0.101406
RANDOM,1500,InsertionSort,1,0.407717
RANDOM,1500,InsertionSort,2,0.402233
RANDOM,1500,InsertionSort,3,0.430552
RANDOM,1500,InsertionSort,4,0.405225
RANDOM,1500,InsertionSort,5,0.441221
RANDOM,1500,LastQuickSort,1,0.144382
RANDOM,1500,LastQuickSort,2,0.143982
RANDOM,1500,LastQuickSort,3,0.144282
RANDOM,1500,LastQuickSort,4,0.118257
RANDOM,1500,LastQuickSort,5,0.142387
RANDOM,1600,InsertionSort,1,0.455778
RANDOM,1600,InsertionSort,2,0.450793
RANDOM,1600,InsertionSort,3,0.447901
RANDOM,1600,InsertionSort,4,0.489481
RANDOM,1600,InsertionSort,5,0.495264
RANDOM,1600,LastQuickSort,1,0.153754
RANDOM,1600,LastQuickSort,2,0.142886
RANDOM,1600,LastQuickSort,3,0.130322
RANDOM,1600,LastQuickSort,4,0.123741
RANDOM,1600,LastQuickSort,5,0.196729
RANDOM,1700,InsertionSort,1,0.513710
RANDOM,1700,InsertionSort,2,0.510320
RANDOM,1700,InsertionSort,3,0.509024
RANDOM,1700,InsertionSort,4,0.505733
RANDOM,1700,InsertionSort,5,0.506132
RANDOM,1700,LastQuickSort,1,0.123044
RANDOM,1700,LastQuickSort,2,0.103898
RANDOM,1700,LastQuickSort,3,0.096620
RANDOM,1700,LastQuickSort,4,0.092232
RANDOM,1700,LastQuickSort,5,0.094127
RANDOM,1800,InsertionSort,1,0.389271
RANDOM,1800,InsertionSort,2,0.461562
RANDOM,1800,InsertionSort,3,0.380996
RANDOM,1800,InsertionSort,4,0.359757
RANDOM,1800,InsertionSort,5,0.435338
RANDOM,1800,LastQuickSort,1,0.115564
RANDOM,1800,LastQuickSort,2,0.107887
RANDOM,1800,LastQuickSort,3,0.102204
RANDOM,1800,LastQuickSort,4,0.098515
RANDOM,1800,LastQuickSort,5,0.094925
RANDOM,1900,InsertionSort,1,0.668960
RANDOM,1900,InsertionSort,2,0.712933
RANDOM,1900,InsertionSort,3,0.601256
RANDOM,1900,InsertionSort,4,0.660684
RANDOM,1900,InsertionSort,5,0.674146
RANDOM,1900,LastQuickSort,1,0.126034
RANDOM,1900,LastQuickSort,2,0.129026
RANDOM,1900,LastQuickSort,3,0.125536
RANDOM,1900,LastQuickSort,4,0.110779
RANDOM,1900,LastQuickSort,5,0.108486
RANDOM,2000,InsertionSort,1,0.465749
RANDOM,2000,InsertionSort,2,0.462758
RANDOM,2000,InsertionSort,3,0.460764
RANDOM,2000,InsertionSort,4,0.461163
RANDOM,2000,InsertionSort,5,0.526773
RANDOM,2000,LastQuickSort,1,0.132815
RANDOM,2000,LastQuickSort,2,0.138000
RANDOM,2000,LastQuickSort,3,0.135507
RANDOM,2000,LastQuickSort,4,0.116961
RANDOM,2000,LastQuickSort,5,0.126733
RANDOM,2100,InsertionSort,1,0.607837
RANDOM,2100,InsertionSort,2,0.629774
RANDOM,2100,InsertionSort,3,0.502443
RANDOM,2100,InsertionSort,4,5.521390
RANDOM,2100,InsertionSort,5,0.807558
RANDOM,2100,LastQuickSort,1,0.217369
RANDOM,2100,LastQuickSort,2,0.160933
RANDOM,2100,LastQuickSort,3,0.157244
RANDOM,2100,LastQuickSort,4,0.152757
RANDOM,2100,LastQuickSort,5,0.152757
RANDOM,2200,InsertionSort,1,0.629076
RANDOM,2200,InsertionSort,2,0.673348
RANDOM,2200,InsertionSort,3,0.743245
RANDOM,2200,InsertionSort,4,0.839964
RANDOM,2200,InsertionSort,5,0.864493
RANDOM,2200,LastQuickSort,1,0.169808
RANDOM,2200,LastQuickSort,2,0.177884
RANDOM,2200,LastQuickSort,3,0.162927
RANDOM,2200,LastQuickSort,4,0.161233
RANDOM,2200,LastQuickSort,5,0.159637
RANDOM,2300,InsertionSort,1,0.921428
RANDOM,2300,InsertionSort,2,0.950843
RANDOM,2300,InsertionSort,3,1.004487
RANDOM,2300,InsertionSort,4,0.631968
RANDOM,2300,InsertionSort,5,0.647423
RANDOM,2300,LastQuickSort,1,0.173398
RANDOM,2300,LastQuickSort,2,0.304018
RANDOM,2300,LastQuickSort,3,0.181075
RANDOM,2300,LastQuickSort,4,0.176588
RANDOM,2300,LastQuickSort,5,0.151959
RANDOM,2400,InsertionSort,1,0.696680
RANDOM,2400,InsertionSort,2,0.650015
RANDOM,2400,InsertionSort,3,0.648719
RANDOM,2400,InsertionSort,4,1.015256
RANDOM,2400,InsertionSort,5,1.006083
RANDOM,2400,LastQuickSort,1,0.172898
RANDOM,2400,LastQuickSort,2,0.177186
RANDOM,2400,LastQuickSort,3,0.171204
RANDOM,2400,LastQuickSort,4,0.172998
RANDOM,2400,LastQuickSort,5,0.165421
RANDOM,2500,InsertionSort,1,0.835178
RANDOM,2500,InsertionSort,2,1.126933
RANDOM,2500,InsertionSort,3,1.084855
RANDOM,2500,InsertionSort,4,1.078174
RANDOM,2500,InsertionSort,5,1.109084
RANDOM,2500,LastQuickSort,1,0.196431
RANDOM,2500,LastQuickSort,2,0.244491
RANDOM,2500,LastQuickSort,3,0.253266
RANDOM,2500,LastQuickSort,4,0.187955
RANDOM,2500,LastQuickSort,5,0.188554
RANDOM,2600,InsertionSort,1,1.345099
RANDOM,2600,InsertionSort,2,1.314787
RANDOM,2600,InsertionSort,3,1.194238
RANDOM,2600,InsertionSort,4,1.290359
RANDOM,2600,InsertionSort,5,1.258650
RANDOM,2600,LastQuickSort,1,0.208995
RANDOM,2600,LastQuickSort,2,0.227839
RANDOM,2600,LastQuickSort,3,0.208795
RANDOM,2600,LastQuickSort,4,0.191346
RANDOM,2600,LastQuickSort,5,0.188155
RANDOM,2700,InsertionSort,1,0.843355
RANDOM,2700,InsertionSort,2,0.821020
RANDOM,2700,InsertionSort,3,1.074385
RANDOM,2700,InsertionSort,4,0.910161
RANDOM,2700,InsertionSort,5,0.835178
RANDOM,2700,LastQuickSort,1,0.244691
RANDOM,2700,LastQuickSort,2,0.201316
RANDOM,2700,LastQuickSort,3,0.174594
RANDOM,2700,LastQuickSort,4,0.170506
RANDOM,2700,LastQuickSort,5,0.170805
RANDOM,2800,InsertionSort,1,0.882043
RANDOM,2800,InsertionSort,2,0.880248
RANDOM,2800,InsertionSort,3,0.947952
RANDOM,2800,InsertionSort,4,0.877955
RANDOM,2800,InsertionSort,5,1.051451
RANDOM,2800,LastQuickSort,1,0.183469
RANDOM,2800,LastQuickSort,2,0.175790
RANDOM,2800,LastQuickSort,3,0.173397
RANDOM,2800,LastQuickSort,4,0.170107
RANDOM,2800,LastQuickSort,5,0.202513
RANDOM,2900,InsertionSort,1,0.976767
RANDOM,2900,InsertionSort,2,0.949048
RANDOM,2900,InsertionSort,3,1.068302
RANDOM,2900,InsertionSort,4,1.033204
RANDOM,2900,InsertionSort,5,1.294147
RANDOM,2900,LastQuickSort,1,0.268123
RANDOM,2900,LastQuickSort,2,0.232526
RANDOM,2900,LastQuickSort,3,0.296341
RANDOM,2900,LastQuickSort,4,0.206502
RANDOM,2900,LastQuickSort,5,0.209393
RANDOM,3000,InsertionSort,1,1.725098
RANDOM,3000,InsertionSort,2,1.803371
RANDOM,3000,InsertionSort,3,1.290957
RANDOM,3000,InsertionSort,4,1.139397
RANDOM,3000,InsertionSort,5,1.001696
RANDOM,3000,LastQuickSort,1,0.204806
RANDOM,3000,LastQuickSort,2,0.253665
RANDOM,3000,LastQuickSort,3,0.196032
RANDOM,3000,LastQuickSort,4,0.194535
RANDOM,3000,LastQuickSort,5,0.193638
RANDOM,3100,InsertionSort,1,1.058830
RANDOM,3100,InsertionSort,2,1.056537
RANDOM,3100,InsertionSort,3,1.054143
RANDOM,3100,InsertionSort,4,1.065112
RANDOM,3100,InsertionSort,5,1.054143
RANDOM,3100,LastQuickSort,1,0.253664
RANDOM,3100,LastQuickSort,2,0.203710
RANDOM,3100,LastQuickSort,3,0.199522
RANDOM,3100,LastQuickSort,4,0.198624
RANDOM,3100,LastQuickSort,5,0.197926
RANDOM,3200,InsertionSort,1,1.181674
RANDOM,3200,InsertionSort,2,1.170606
RANDOM,3200,InsertionSort,3,1.185164
RANDOM,3200,InsertionSort,4,1.133015
RANDOM,3200,InsertionSort,5,1.134909
RANDOM,3200,LastQuickSort,1,0.216273
RANDOM,3200,LastQuickSort,2,0.210589
RANDOM,3200,LastQuickSort,3,0.207997
RANDOM,3200,LastQuickSort,4,0.228437
RANDOM,3200,LastQuickSort,5,0.204308
RANDOM,3300,InsertionSort,1,1.230931
RANDOM,3300,InsertionSort,2,1.272012
RANDOM,3300,InsertionSort,3,1.227939
RANDOM,3300,InsertionSort,4,1.266527
RANDOM,3300,InsertionSort,5,1.244990
RANDOM,3300,LastQuickSort,1,0.266029
RANDOM,3300,LastQuickSort,2,0.253465
RANDOM,3300,LastQuickSort,3,0.217669
RANDOM,3300,LastQuickSort,4,0.211287
RANDOM,3300,LastQuickSort,5,0.210490
RANDOM,3400,InsertionSort,1,1.305614
RANDOM,3400,InsertionSort,2,1.356168
RANDOM,3400,InsertionSort,3,1.322664
RANDOM,3400,InsertionSort,4,1.313392
RANDOM,3400,InsertionSort,5,1.303222
RANDOM,3400,LastQuickSort,1,0.230731
RANDOM,3400,LastQuickSort,2,0.269419
RANDOM,3400,LastQuickSort,3,0.217868
RANDOM,3400,LastQuickSort,4,0.216473
RANDOM,3400,LastQuickSort,5,0.216772
RANDOM,3500,InsertionSort,1,1.366837
RANDOM,3500,InsertionSort,2,1.421179
RANDOM,3500,InsertionSort,3,1.376708
RANDOM,3500,InsertionSort,4,1.363048
RANDOM,3500,InsertionSort,5,1.514509
RANDOM,3500,LastQuickSort,1,0.235118
RANDOM,3500,LastQuickSort,2,0.226444
RANDOM,3500,LastQuickSort,3,0.223252
RANDOM,3500,LastQuickSort,4,0.221358
RANDOM,3500,LastQuickSort,5,0.221956
RANDOM,3600,InsertionSort,1,1.522784
RANDOM,3600,InsertionSort,2,1.426663
RANDOM,3600,InsertionSort,3,1.452189
RANDOM,3600,InsertionSort,4,1.475522
RANDOM,3600,InsertionSort,5,1.424370
RANDOM,3600,LastQuickSort,1,0.237611
RANDOM,3600,LastQuickSort,2,0.281184
RANDOM,3600,LastQuickSort,3,0.229335
RANDOM,3600,LastQuickSort,4,0.226344
RANDOM,3600,LastQuickSort,5,0.225446
RANDOM,3700,InsertionSort,1,1.535548
RANDOM,3700,InsertionSort,2,1.539436
RANDOM,3700,InsertionSort,3,1.575133
RANDOM,3700,InsertionSort,4,1.537043
RANDOM,3700,InsertionSort,5,1.590588
RANDOM,3700,LastQuickSort,1,0.251969
RANDOM,3700,LastQuickSort,2,0.242796
RANDOM,3700,LastQuickSort,3,0.240303
RANDOM,3700,LastQuickSort,4,0.242896
RANDOM,3700,LastQuickSort,5,0.238309
RANDOM,3800,InsertionSort,1,1.617111
RANDOM,3800,InsertionSort,2,1.601357
RANDOM,3800,InsertionSort,3,1.781136
RANDOM,3800,InsertionSort,4,1.600559
RANDOM,3800,InsertionSort,5,1.641540
RANDOM,3800,LastQuickSort,1,0.278991
RANDOM,3800,LastQuickSort,2,0.272011
RANDOM,3800,LastQuickSort,3,0.254761
RANDOM,3800,LastQuickSort,4,0.251869
RANDOM,3800,LastQuickSort,5,0.251671
RANDOM,3900,InsertionSort,1,1.714828
RANDOM,3900,InsertionSort,2,1.718118
RANDOM,3900,InsertionSort,3,1.717819
RANDOM,3900,InsertionSort,4,1.704458
RANDOM,3900,InsertionSort,5,1.751622
RANDOM,3900,LastQuickSort,1,0.262938
RANDOM,3900,LastQuickSort,2,0.258251
RANDOM,3900,LastQuickSort,3,0.270316
RANDOM,3900,LastQuickSort,4,0.252468
RANDOM,3900,LastQuickSort,5,0.251671
RANDOM,4000,InsertionSort,1,1.826703
RANDOM,4000,InsertionSort,2,1.801277
RANDOM,4000,InsertionSort,3,1.870078
RANDOM,4000,InsertionSort,4,1.771464
RANDOM,4000,InsertionSort,5,1.843854
RANDOM,4000,LastQuickSort,1,0.285372
RANDOM,4000,LastQuickSort,2,0.264135
RANDOM,4000,LastQuickSort,3,0.261342
RANDOM,4000,LastQuickSort,4,0.259348
RANDOM,4000,LastQuickSort,5,0.258750
RANDOM,4100,InsertionSort,1,1.922824
RANDOM,4100,InsertionSort,2,2.128828
RANDOM,4100,InsertionSort,3,2.048461
RANDOM,4100,InsertionSort,4,2.125337
RANDOM,4100,InsertionSort,5,2.104199
RANDOM,4100,LastQuickSort,1,0.293748
RANDOM,4100,LastQuickSort,2,0.275003
RANDOM,4100,LastQuickSort,3,0.270914
RANDOM,4100,LastQuickSort,4,0.271712
RANDOM,4100,LastQuickSort,5,0.269119
RANDOM,4200,InsertionSort,1,1.973179
RANDOM,4200,InsertionSort,2,2.069898
RANDOM,4200,InsertionSort,3,2.122346
RANDOM,4200,InsertionSort,4,2.019744
RANDOM,4200,InsertionSort,5,1.978763
RANDOM,4200,LastQuickSort,1,0.315286
RANDOM,4200,LastQuickSort,2,0.310300
RANDOM,4200,LastQuickSort,3,0.281783
RANDOM,4200,LastQuickSort,4,0.278293
RANDOM,4200,LastQuickSort,5,0.276399
RANDOM,4300,InsertionSort,1,2.113073
RANDOM,4300,InsertionSort,2,2.304717
RANDOM,4300,InsertionSort,3,2.205505
RANDOM,4300,InsertionSort,4,2.119155
RANDOM,4300,InsertionSort,5,2.155251
RANDOM,4300,LastQuickSort,1,0.305714
RANDOM,4300,LastQuickSort,2,0.312893
RANDOM,4300,LastQuickSort,3,0.295742
RANDOM,4300,LastQuickSort,4,0.294147
RANDOM,4300,LastQuickSort,5,0.293648
RANDOM,4400,InsertionSort,1,2.170706
RANDOM,4400,InsertionSort,2,2.305415
RANDOM,4400,InsertionSort,3,2.221160
RANDOM,4400,InsertionSort,4,2.334232
RANDOM,4400,InsertionSort,5,2.162330
RANDOM,4400,LastQuickSort,1,0.304118
RANDOM,4400,LastQuickSort,2,0.343105
RANDOM,4400,LastQuickSort,3,0.303321
RANDOM,4400,LastQuickSort,4,0.288963
RANDOM,4400,LastQuickSort,5,0.288863
RANDOM,4500,InsertionSort,1,2.251771
RANDOM,4500,InsertionSort,2,2.439327
RANDOM,4500,InsertionSort,3,2.373019
RANDOM,4500,InsertionSort,4,2.407819
RANDOM,4500,InsertionSort,5,2.328848
RANDOM,4500,LastQuickSort,1,0.310001
RANDOM,4500,LastQuickSort,2,0.303420
RANDOM,4500,LastQuickSort,3,0.313292
RANDOM,4500,LastQuickSort,4,0.300528
RANDOM,4500,LastQuickSort,5,0.326553
RANDOM,4600,InsertionSort,1,4.077477
RANDOM,4600,InsertionSort,2,2.897698
RANDOM,4600,InsertionSort,3,2.699173
RANDOM,4600,InsertionSort,4,2.401835
RANDOM,4600,InsertionSort,5,2.391167
RANDOM,4600,LastQuickSort,1,0.349786
RANDOM,4600,LastQuickSort,2,0.308904
RANDOM,4600,LastQuickSort,3,0.305813
RANDOM,4600,LastQuickSort,4,0.306013
RANDOM,4600,LastQuickSort,5,0.305415
RANDOM,4700,InsertionSort,1,2.519395
RANDOM,4700,InsertionSort,2,2.453386
RANDOM,4700,InsertionSort,3,2.510720
RANDOM,4700,InsertionSort,4,2.498455
RANDOM,4700,InsertionSort,5,2.409414
RANDOM,4700,LastQuickSort,1,0.329843
RANDOM,4700,LastQuickSort,2,0.323063
RANDOM,4700,LastQuickSort,3,0.335128
RANDOM,4700,LastQuickSort,4,0.318277
RANDOM,4700,LastQuickSort,5,0.318576
RANDOM,4800,InsertionSort,1,2.613323
RANDOM,4800,InsertionSort,2,2.553596
RANDOM,4800,InsertionSort,3,2.611129
RANDOM,4800,InsertionSort,4,2.660287
RANDOM,4800,InsertionSort,5,2.538340
RANDOM,4800,LastQuickSort,1,0.333932
RANDOM,4800,LastQuickSort,2,0.355270
RANDOM,4800,LastQuickSort,3,0.324559
RANDOM,4800,LastQuickSort,4,0.324559
RANDOM,4800,LastQuickSort,5,0.323960
RANDOM,4900,InsertionSort,1,2.755111
RANDOM,4900,InsertionSort,2,2.700669
RANDOM,4900,InsertionSort,3,2.870577
RANDOM,4900,InsertionSort,4,2.737762
RANDOM,4900,InsertionSort,5,2.764784
RANDOM,4900,LastQuickSort,1,0.357064
RANDOM,4900,LastQuickSort,2,0.330043
RANDOM,4900,LastQuickSort,3,0.325756
RANDOM,4900,LastQuickSort,4,0.324758
RANDOM,4900,LastQuickSort,5,0.338817
RANDOM,5000,InsertionSort,1,2.848042
RANDOM,5000,InsertionSort,2,2.933993
RANDOM,5000,InsertionSort,3,3.131022
RANDOM,5000,InsertionSort,4,2.850435
RANDOM,5000,InsertionSort,5,2.833485
RANDOM,5000,LastQuickSort,1,0.350085
RANDOM,5000,LastQuickSort,2,0.344501
RANDOM,5000,LastQuickSort,3,0.358560
RANDOM,5000,LastQuickSort,4,0.340513
RANDOM,5000,LastQuickSort,5,0.341410
RANDOM,5100,InsertionSort,1,7.071795
RANDOM,5100,InsertionSort,2,7.065215
RANDOM,5100,InsertionSort,3,6.859910
RANDOM,5100,InsertionSort,4,7.225549
RANDOM,5100,InsertionSort,5,6.796892
RANDOM,5100,LastQuickSort,1,0.959618
RANDOM,5100,LastQuickSort,2,1.035896
RANDOM,5100,LastQuickSort,3,1.000998
RANDOM,5100,LastQuickSort,4,0.877256
RANDOM,5100,LastQuickSort,5,1.004188
RANDOM,5200,InsertionSort,1,8.452714
RANDOM,5200,InsertionSort,2,7.293920
RANDOM,5200,InsertionSort,3,7.451447
RANDOM,5200,InsertionSort,4,6.414848
RANDOM,5200,InsertionSort,5,4.967265
RANDOM,5200,LastQuickSort,1,0.599757
RANDOM,5200,LastQuickSort,2,0.529779
RANDOM,5200,LastQuickSort,3,0.607943
RANDOM,5200,LastQuickSort,4,0.517401
RANDOM,5200,LastQuickSort,5,0.601455
RANDOM,5300,InsertionSort,1,5.133576
RANDOM,5300,InsertionSort,2,3.717039
RANDOM,5300,InsertionSort,3,3.220501
RANDOM,5300,InsertionSort,4,3.266621
RANDOM,5300,InsertionSort,5,4.877421
RANDOM,5300,LastQuickSort,1,0.952544
RANDOM,5300,LastQuickSort,2,0.889754
RANDOM,5300,LastQuickSort,3,0.912714
RANDOM,5300,LastQuickSort,4,0.832852
RANDOM,5300,LastQuickSort,5,0.861103
RANDOM,5400,InsertionSort,1,8.552832
RANDOM,5400,InsertionSort,2,6.638260
RANDOM,5400,InsertionSort,3,3.710350
RANDOM,5400,InsertionSort,4,3.310944
RANDOM,5400,InsertionSort,5,3.376630
RANDOM,5400,LastQuickSort,1,0.398108
RANDOM,5400,LastQuickSort,2,0.411484
RANDOM,5400,LastQuickSort,3,0.402600
RANDOM,5400,LastQuickSort,4,0.371255
RANDOM,5400,LastQuickSort,5,0.371954
RANDOM,5500,InsertionSort,1,3.817863
RANDOM,5500,InsertionSort,2,5.719457
RANDOM,5500,InsertionSort,3,5.457812
RANDOM,5500,InsertionSort,4,5.487460
RANDOM,5500,InsertionSort,5,5.981901
RANDOM,5500,LastQuickSort,1,0.686407
RANDOM,5500,LastQuickSort,2,0.693994
RANDOM,5500,LastQuickSort,3,0.689002
RANDOM,5500,LastQuickSort,4,0.671333
RANDOM,5500,LastQuickSort,5,0.696988
RANDOM,5600,InsertionSort,1,8.035830
RANDOM,5600,InsertionSort,2,9.667993
RANDOM,5600,InsertionSort,3,5.811796
RANDOM,5600,InsertionSort,4,6.270698
RANDOM,5600,InsertionSort,5,4.315498
RANDOM,5600,LastQuickSort,1,0.414879
RANDOM,5600,LastQuickSort,2,0.407492
RANDOM,5600,LastQuickSort,3,0.402001
RANDOM,5600,LastQuickSort,4,0.400704
RANDOM,5600,LastQuickSort,5,0.453312
RANDOM,5700,InsertionSort,1,4.192611
RANDOM,5700,InsertionSort,2,3.836730
RANDOM,5700,InsertionSort,3,3.630788
RANDOM,5700,InsertionSort,4,3.595150
RANDOM,5700,InsertionSort,5,3.818162
RANDOM,5700,LastQuickSort,1,0.404896
RANDOM,5700,LastQuickSort,2,0.422765
RANDOM,5700,LastQuickSort,3,0.388824
RANDOM,5700,LastQuickSort,4,0.387027
RANDOM,5700,LastQuickSort,5,0.387127
RANDOM,5800,InsertionSort,1,4.207485
RANDOM,5800,InsertionSort,2,5.476779
RANDOM,5800,InsertionSort,3,6.631871
RANDOM,5800,InsertionSort,4,9.841092
RANDOM,5800,InsertionSort,5,7.046650
RANDOM,5800,LastQuickSort,1,0.637093
RANDOM,5800,LastQuickSort,2,0.639488
RANDOM,5800,LastQuickSort,3,0.603950
RANDOM,5800,LastQuickSort,4,0.628507
RANDOM,5800,LastQuickSort,5,0.599558
RANDOM,5900,InsertionSort,1,5.930989
RANDOM,5900,InsertionSort,2,5.875786
RANDOM,5900,InsertionSort,3,4.040476
RANDOM,5900,InsertionSort,4,3.881253
RANDOM,5900,InsertionSort,5,4.163961
RANDOM,5900,LastQuickSort,1,0.489748
RANDOM,5900,LastQuickSort,2,0.475374
RANDOM,5900,LastQuickSort,3,0.408190
RANDOM,5900,LastQuickSort,4,0.420569
RANDOM,5900,LastQuickSort,5,0.401702
RANDOM,6000,InsertionSort,1,5.052118
RANDOM,6000,InsertionSort,2,6.502197
RANDOM,6000,InsertionSort,3,6.562891
RANDOM,6000,InsertionSort,4,6.541628
RANDOM,6000,InsertionSort,5,7.012310
RANDOM,6000,LastQuickSort,1,0.652166
RANDOM,6000,LastQuickSort,2,0.719250
RANDOM,6000,LastQuickSort,3,0.625113
RANDOM,6000,LastQuickSort,4,0.620721
RANDOM,6000,LastQuickSort,5,0.695491
RANDOM,6100,InsertionSort,1,7.658287
RANDOM,6100,InsertionSort,2,7.566047
RANDOM,6100,InsertionSort,3,8.659346
RANDOM,6100,InsertionSort,4,5.564825
RANDOM,6100,InsertionSort,5,5.254765
RANDOM,6100,LastQuickSort,1,0.615330
RANDOM,6100,LastQuickSort,2,0.558230
RANDOM,6100,LastQuickSort,3,0.550144
RANDOM,6100,LastQuickSort,4,0.547948
RANDOM,6100,LastQuickSort,5,0.635096
RANDOM,6200,InsertionSort,1,6.096601
RANDOM,6200,InsertionSort,2,5.664353
RANDOM,6200,InsertionSort,3,5.752100
RANDOM,6200,InsertionSort,4,4.699531
RANDOM,6200,InsertionSort,5,4.348540
RANDOM,6200,LastQuickSort,1,0.442131
RANDOM,6200,LastQuickSort,2,0.451814
RANDOM,6200,LastQuickSort,3,0.428555
RANDOM,6200,LastQuickSort,4,0.479966
RANDOM,6200,LastQuickSort,5,0.440335
RANDOM,6300,InsertionSort,1,4.682659
RANDOM,6300,InsertionSort,2,4.846574
RANDOM,6300,InsertionSort,3,4.390268
RANDOM,6300,InsertionSort,4,6.106384
RANDOM,6300,InsertionSort,5,10.823484
RANDOM,6300,LastQuickSort,1,1.118456
RANDOM,6300,LastQuickSort,2,0.902131
RANDOM,6300,LastQuickSort,3,0.680517
RANDOM,6300,LastQuickSort,4,0.705773
RANDOM,6300,LastQuickSort,5,0.926689
RANDOM,6400,InsertionSort,1,4.946501
RANDOM,6400,InsertionSort,2,4.948398
RANDOM,6400,InsertionSort,3,4.797060
RANDOM,6400,InsertionSort,4,5.341115
RANDOM,6400,InsertionSort,5,5.069288
RANDOM,6400,LastQuickSort,1,0.616029
RANDOM,6400,LastQuickSort,2,0.814284
RANDOM,6400,LastQuickSort,3,0.518698
RANDOM,6400,LastQuickSort,4,0.527083
RANDOM,6400,LastQuickSort,5,0.517001
RANDOM,6500,InsertionSort,1,10.834266
RANDOM,6500,InsertionSort,2,8.884854
RANDOM,6500,InsertionSort,3,11.450694
RANDOM,6500,InsertionSort,4,9.815137
RANDOM,6500,InsertionSort,5,4.706218
RANDOM,6500,LastQuickSort,1,0.453711
RANDOM,6500,LastQuickSort,2,0.445526
RANDOM,6500,LastQuickSort,3,0.481463
RANDOM,6500,LastQuickSort,4,0.470482
RANDOM,6500,LastQuickSort,5,0.450916
RANDOM,6600,InsertionSort,1,5.026462
RANDOM,6600,InsertionSort,2,5.130581
RANDOM,6600,InsertionSort,3,4.925138
RANDOM,6600,InsertionSort,4,7.870219
RANDOM,6600,InsertionSort,5,11.459379
RANDOM,6600,LastQuickSort,1,0.806298
RANDOM,6600,LastQuickSort,2,0.651168
RANDOM,6600,LastQuickSort,3,0.669736
RANDOM,6600,LastQuickSort,4,0.639089
RANDOM,6600,LastQuickSort,5,0.697887
RANDOM,6700,InsertionSort,1,9.954095
RANDOM,6700,InsertionSort,2,14.976464
RANDOM,6700,InsertionSort,3,14.198218
RANDOM,6700,InsertionSort,4,8.794012
RANDOM,6700,InsertionSort,5,8.762567
RANDOM,6700,LastQuickSort,1,0.897839
RANDOM,6700,LastQuickSort,2,0.907422
RANDOM,6700,LastQuickSort,3,0.935075
RANDOM,6700,LastQuickSort,4,0.885361
RANDOM,6700,LastQuickSort,5,0.870487
RANDOM,6800,InsertionSort,1,6.578663
RANDOM,6800,InsertionSort,2,5.689609
RANDOM,6800,InsertionSort,3,5.942968
RANDOM,6800,InsertionSort,4,5.704284
RANDOM,6800,InsertionSort,5,6.031614
RANDOM,6800,LastQuickSort,1,0.574102
RANDOM,6800,LastQuickSort,2,0.532075
RANDOM,6800,LastQuickSort,3,0.524189
RANDOM,6800,LastQuickSort,4,0.601953
RANDOM,6800,LastQuickSort,5,0.517601
RANDOM,6900,InsertionSort,1,5.767274
RANDOM,6900,InsertionSort,2,5.360282
RANDOM,6900,InsertionSort,3,5.495048
RANDOM,6900,InsertionSort,4,5.535876
RANDOM,6900,InsertionSort,5,5.609847
RANDOM,6900,LastQuickSort,1,0.501927
RANDOM,6900,LastQuickSort,2,0.495638
RANDOM,6900,LastQuickSort,3,0.489648
RANDOM,6900,LastQuickSort,4,0.505022
RANDOM,6900,LastQuickSort,5,0.489250
RANDOM,7000,InsertionSort,1,5.704284
RANDOM,7000,InsertionSort,2,7.471112
RANDOM,7000,InsertionSort,3,7.913243
RANDOM,7000,InsertionSort,4,5.581596
RANDOM,7000,InsertionSort,5,5.805507
RANDOM,7000,LastQuickSort,1,0.513607
RANDOM,7000,LastQuickSort,2,0.506319
RANDOM,7000,LastQuickSort,3,0.542358
RANDOM,7000,LastQuickSort,4,0.498833
RANDOM,7000,LastQuickSort,5,0.495139
RANDOM,7100,InsertionSort,1,10.772173
RANDOM,7100,InsertionSort,2,11.209913
RANDOM,7100,InsertionSort,3,8.402593
RANDOM,7100,InsertionSort,4,9.104073
RANDOM,7100,InsertionSort,5,8.503418
RANDOM,7100,LastQuickSort,1,0.793919
RANDOM,7100,LastQuickSort,2,1.250426
RANDOM,7100,LastQuickSort,3,1.249029
RANDOM,7100,LastQuickSort,4,1.227167
RANDOM,7100,LastQuickSort,5,1.205305
RANDOM,7200,InsertionSort,1,17.632747
RANDOM,7200,InsertionSort,2,10.643497
RANDOM,7200,InsertionSort,3,10.365081
RANDOM,7200,InsertionSort,4,10.253875
RANDOM,7200,InsertionSort,5,9.948705
RANDOM,7200,LastQuickSort,1,0.677023
RANDOM,7200,LastQuickSort,2,0.625812
RANDOM,7200,LastQuickSort,3,0.725039
RANDOM,7200,LastQuickSort,4,0.662348
RANDOM,7200,LastQuickSort,5,0.653963
RANDOM,7300,InsertionSort,1,10.753206
RANDOM,7300,InsertionSort,2,9.948705
RANDOM,7300,InsertionSort,3,9.855667
RANDOM,7300,InsertionSort,4,8.152926
RANDOM,7300,InsertionSort,5,9.934829
RANDOM,7300,LastQuickSort,1,0.932779
RANDOM,7300,LastQuickSort,2,0.930582
RANDOM,7300,LastQuickSort,3,0.978000
RANDOM,7300,LastQuickSort,4,1.027514
RANDOM,7300,LastQuickSort,5,0.816381
RANDOM,7400,InsertionSort,1,16.336600
RANDOM,7400,InsertionSort,2,10.857026
RANDOM,7400,InsertionSort,3,8.768456
RANDOM,7400,InsertionSort,4,6.576867
RANDOM,7400,InsertionSort,5,6.609210
RANDOM,7400,LastQuickSort,1,0.564119
RANDOM,7400,LastQuickSort,2,0.599558
RANDOM,7400,LastQuickSort,3,0.543155
RANDOM,7400,LastQuickSort,4,0.624614
RANDOM,7400,LastQuickSort,5,0.535369
RANDOM,7500,InsertionSort,1,7.370088
RANDOM,7500,InsertionSort,2,10.567529
RANDOM,7500,InsertionSort,3,10.773571
RANDOM,7500,InsertionSort,4,7.900066
RANDOM,7500,InsertionSort,5,7.485587
RANDOM,7500,LastQuickSort,1,0.588676
RANDOM,7500,LastQuickSort,2,0.552240
RANDOM,7500,LastQuickSort,3,0.585383
RANDOM,7500,LastQuickSort,4,0.567314
RANDOM,7500,LastQuickSort,5,0.573004
RANDOM,7600,InsertionSort,1,8.807090
RANDOM,7600,InsertionSort,2,11.508547
RANDOM,7600,InsertionSort,3,9.520001
RANDOM,7600,InsertionSort,4,8.281798
RANDOM,7600,InsertionSort,5,7.225464
RANDOM,7600,LastQuickSort,1,0.605861
RANDOM,7600,LastQuickSort,2,0.635440
RANDOM,7600,LastQuickSort,3,0.603862
RANDOM,7600,LastQuickSort,4,0.579980
RANDOM,7600,LastQuickSort,5,0.712184
RANDOM,7700,InsertionSort,1,7.677836
RANDOM,7700,InsertionSort,2,8.185669
RANDOM,7700,InsertionSort,3,8.478855
RANDOM,7700,InsertionSort,4,8.584079
RANDOM,7700,InsertionSort,5,7.780962
RANDOM,7700,LastQuickSort,1,0.690500
RANDOM,7700,LastQuickSort,2,0.667616
RANDOM,7700,LastQuickSort,3,0.751655
RANDOM,7700,LastQuickSort,4,0.698594
RANDOM,7700,LastQuickSort,5,0.704989
RANDOM,7800,InsertionSort,1,9.907921
RANDOM,7800,InsertionSort,2,7.557923
RANDOM,7800,InsertionSort,3,6.980542
RANDOM,7800,InsertionSort,4,8.451876
RANDOM,7800,InsertionSort,5,6.964553
RANDOM,7800,LastQuickSort,1,0.583378
RANDOM,7800,LastQuickSort,2,0.574584
RANDOM,7800,LastQuickSort,3,0.574283
RANDOM,7800,LastQuickSort,4,0.574983
RANDOM,7800,LastQuickSort,5,0.574084
RANDOM,7900,InsertionSort,1,7.313301
RANDOM,7900,InsertionSort,2,7.057786
RANDOM,7900,InsertionSort,3,7.209575
RANDOM,7900,InsertionSort,4,6.974545
RANDOM,7900,InsertionSort,5,7.003425
RANDOM,7900,LastQuickSort,1,0.592471
RANDOM,7900,LastQuickSort,2,0.586875
RANDOM,7900,LastQuickSort,3,0.579979
RANDOM,7900,LastQuickSort,4,0.681706
RANDOM,7900,LastQuickSort,5,0.613555
RANDOM,8000,InsertionSort,1,7.342380
RANDOM,8000,InsertionSort,2,7.214272
RANDOM,8000,InsertionSort,3,7.146621
RANDOM,8000,InsertionSort,4,7.470986
RANDOM,8000,InsertionSort,5,16.929132
RANDOM,8000,LastQuickSort,1,1.370008
RANDOM,8000,LastQuickSort,2,1.352121
RANDOM,8000,LastQuickSort,3,1.320043
RANDOM,8000,LastQuickSort,4,1.387195
RANDOM,8000,LastQuickSort,5,1.854556
RANDOM,8100,InsertionSort,1,19.682537
RANDOM,8100,InsertionSort,2,19.249051
RANDOM,8100,InsertionSort,3,18.743917
RANDOM,8100,InsertionSort,4,17.584358
RANDOM,8100,InsertionSort,5,17.327243
RANDOM,8100,LastQuickSort,1,1.308053
RANDOM,8100,LastQuickSort,2,1.600839
RANDOM,8100,LastQuickSort,3,1.261586
RANDOM,8100,LastQuickSort,4,1.266183
RANDOM,8100,LastQuickSort,5,1.341028
RANDOM,8200,InsertionSort,1,26.968956
RANDOM,8200,InsertionSort,2,26.002456
RANDOM,8200,InsertionSort,3,16.025087
RANDOM,8200,InsertionSort,4,12.227439
RANDOM,8200,InsertionSort,5,8.711687
RANDOM,8200,LastQuickSort,1,0.816908
RANDOM,8200,LastQuickSort,2,0.904545
RANDOM,8200,LastQuickSort,3,0.771941
RANDOM,8200,LastQuickSort,4,0.699294
RANDOM,8200,LastQuickSort,5,1.018861
RANDOM,8300,InsertionSort,1,9.371309
RANDOM,8300,InsertionSort,2,9.072326
RANDOM,8300,InsertionSort,3,7.736493
RANDOM,8300,InsertionSort,4,8.695599
RANDOM,8300,InsertionSort,5,8.272406
RANDOM,8300,LastQuickSort,1,0.701891
RANDOM,8300,LastQuickSort,2,0.746159
RANDOM,8300,LastQuickSort,3,0.786930
RANDOM,8300,LastQuickSort,4,0.622150
RANDOM,8300,LastQuickSort,5,0.618052
RANDOM,8400,InsertionSort,1,7.937049
RANDOM,8400,InsertionSort,2,15.491773
RANDOM,8400,InsertionSort,3,9.878342
RANDOM,8400,InsertionSort,4,8.294689
RANDOM,8400,InsertionSort,5,8.194662
RANDOM,8400,LastQuickSort,1,0.624848
RANDOM,8400,LastQuickSort,2,0.611557
RANDOM,8400,LastQuickSort,3,0.607360
RANDOM,8400,LastQuickSort,4,0.607560
RANDOM,8400,LastQuickSort,5,0.646632
RANDOM,8500,InsertionSort,1,9.416576
RANDOM,8500,InsertionSort,2,10.329615
RANDOM,8500,InsertionSort,3,13.966879
RANDOM,8500,InsertionSort,4,8.577585
RANDOM,8500,InsertionSort,5,8.349150
RANDOM,8500,LastQuickSort,1,0.632841
RANDOM,8500,LastQuickSort,2,0.689300
RANDOM,8500,LastQuickSort,3,0.621849
RANDOM,8500,LastQuickSort,4,0.620250
RANDOM,8500,LastQuickSort,5,0.651927
RANDOM,8600,InsertionSort,1,15.947444
RANDOM,8600,InsertionSort,2,16.692904
RANDOM,8600,InsertionSort,3,13.337935
RANDOM,8600,InsertionSort,4,13.044447
RANDOM,8600,InsertionSort,5,9.516903
RANDOM,8600,LastQuickSort,1,1.518300
RANDOM,8600,LastQuickSort,2,1.469136
RANDOM,8600,LastQuickSort,3,1.496316
RANDOM,8600,LastQuickSort,4,1.380100
RANDOM,8600,LastQuickSort,5,1.373805
RANDOM,8700,InsertionSort,1,25.733751
RANDOM,8700,InsertionSort,2,19.516657
RANDOM,8700,InsertionSort,3,17.116496
RANDOM,8700,InsertionSort,4,13.095510
RANDOM,8700,InsertionSort,5,8.653029
RANDOM,8700,LastQuickSort,1,0.640536
RANDOM,8700,LastQuickSort,2,1.658498
RANDOM,8700,LastQuickSort,3,1.542383
RANDOM,8700,LastQuickSort,4,1.579356
RANDOM,8700,LastQuickSort,5,1.395389
RANDOM,8800,InsertionSort,1,15.920563
RANDOM,8800,InsertionSort,2,15.558026
RANDOM,8800,InsertionSort,3,14.937975
RANDOM,8800,InsertionSort,4,13.272482
RANDOM,8800,InsertionSort,5,13.697874
RANDOM,8800,LastQuickSort,1,1.026256
RANDOM,8800,LastQuickSort,2,0.969297
RANDOM,8800,LastQuickSort,3,1.047041
RANDOM,8800,LastQuickSort,4,1.007170
RANDOM,8800,LastQuickSort,5,0.960604
RANDOM,8900,InsertionSort,1,13.793804
RANDOM,8900,InsertionSort,2,13.482930
RANDOM,8900,InsertionSort,3,13.301361
RANDOM,8900,InsertionSort,4,12.516030
RANDOM,8900,InsertionSort,5,16.447581
RANDOM,8900,LastQuickSort,1,0.804717
RANDOM,8900,LastQuickSort,2